0,S0019103511004994-1382,1,2005–2010
0,S0019103511004994-1382,1,14
0,S0019103511004994-1382,1,25 km
0,S0019103511004994-1382,1,27 keV to 21 MeV
1,S0012821X13007309-1989,1,0.8
1,S0012821X13007309-1989,1,10 ppq
1,S0012821X13007309-1989,1,0.13
1,S0012821X13007309-1989,1,1 to 600 ppt
1,S0012821X13007309-1989,1,1 to 30 ppt
1,S0012821X13007309-1989,1,30 ppt
1,S0012821X13007309-1989,1,75%
1,S0012821X13007309-1989,1,25%
1,S0012821X13007309-1989,1,100 ppt
1,S0012821X13007309-1989,1,20 times
2,S0019103513005058-3094,1,1
2,S0019103513005058-3094,1,3 byr
2,S0019103513005058-3094,1,2 m
2,S0019103513005058-3094,1,0.1%
2,S0019103513005058-3094,1,1.0–1.7 wt.%
2,S0019103513005058-3094,1,0.2–0.4 wt.%
2,S0019103513005058-3094,1,0.4–0.6 wt.%
3,S0016236113008041-3153,1,13 kg
3,S0016236113008041-3153,1,<2 ppm
4,S0019103512004009-4007,1,1–5Rp
4,S0019103512004009-4007,1,93%
4,S0019103512004009-4007,1,50 eV
4,S0019103512004009-4007,1,0.1
5,S0012821X12004384-1599,1,103 yrs
5,S0012821X12004384-1599,1,2618 m
6,S0016236113008041-3186,1,0.1 ppm
6,S0016236113008041-3186,1,0.06 to 0.42
6,S0016236113008041-3186,1,0.74 ppm
6,S0016236113008041-3186,1,"4.5, 6 and 13 kg"
6,S0016236113008041-3186,1,<0.1 ppm
7,S0019103512003533-5251,1,∼460 K
7,S0019103512003533-5251,1,440 ± 50 K
7,S0019103512003533-5251,1,(563–624) ± 30 K
7,S0019103512003533-5251,1,650 K
7,S0019103512003533-5251,1,650 K
8,S0016236113008041-3031,1,2
8,S0016236113008041-3031,1,20 ppm
8,S0016236113008041-3031,1,40 ppm
8,S0016236113008041-3031,1,15 ppm
8,S0016236113008041-3031,1,20 ppm to ∼180 ppm
8,S0016236113008041-3031,1,250 to ∼550 ppm
8,S0016236113008041-3031,1,200 to 400 ppm
8,S0016236113008041-3031,1,50 ppm to ∼150 ppm
9,S0012821X12004384-1405,1,20
9,S0012821X12004384-1405,1,0% to 80%
10,S0019103513005058-1737,1,1 g cm-3
10,S0019103513005058-1737,1,1.5–2.6 m
11,S0012821X12004384-1415,1,2632 to 2618 m
11,S0012821X12004384-1415,1,5%
12,S0012821X13002185-1217,1,0.2 M
12,S0012821X13002185-1217,1,100 °C
12,S0012821X13002185-1217,1,40 min
12,S0012821X13002185-1217,1,1 week
12,S0012821X13002185-1217,1,pH∼2
12,S0012821X13002185-1217,1,0.2 M
12,S0012821X13002185-1217,1,m/Δm∼3500
12,S0012821X13002185-1217,1,5%
12,S0012821X13002185-1217,1,95%
12,S0012821X13002185-1217,1,1.26±0.2‰
12,S0012821X13002185-1217,1,1.23±0.25‰
12,S0012821X13002185-1217,1,104
12,S0012821X13002185-1217,1,2SD
13,S0019103512002801-1824,1,6% and 13%
13,S0019103512002801-1824,1,6–8%
14,S0012821X13002185-1200,1,>100 μm
14,S0012821X13002185-1200,1,between 50 and 100
14,S0012821X13002185-1200,1,200 μL
15,S0016236113008041-967,1,4.5 kg
15,S0016236113008041-967,1,6 kg
15,S0016236113008041-967,1,13 kg
16,S0019103512004009-3962,1,8250 K
16,S0019103512004009-3962,1,1 μbar
16,S0019103512004009-3962,1,0.5
16,S0019103512004009-3962,1,5–10 times
17,S0012821X13002185-835,1,100 m
18,S0016236113008041-3290,1,<1 ppm
18,S0016236113008041-3290,1,0.63 ppm
18,S0016236113008041-3290,1,0.51 ppm
18,S0016236113008041-3290,1,1000 ppm
18,S0016236113008041-3290,1,0 ppm
18,S0016236113008041-3290,1,2000 ppm
19,S0019103512004009-5019,1,30 nbar
19,S0019103512004009-5019,1,1000 K
19,S0019103512004009-5019,1,20 eV
19,S0019103512004009-5019,1,0.45 W m-2
20,S0012821X12004384-1302,1,2619.60
20,S0012821X12004384-1302,1,2617.35
20,S0012821X12004384-1302,1,2617.44
20,S0012821X12004384-1302,1,2614.73
20,S0012821X12004384-1302,1,2614.71 m
21,S0021979713004438-1415,1,25 ± 0.02 °C
22,S0019103512003533-5031,1,450 K
22,S0019103512003533-5031,1,180 K
22,S0019103512003533-5031,1,420 ± 30 K
22,S0019103512003533-5031,1,488 ± 14 K
22,S0019103512003533-5031,1,450 K
23,S0022000014000026-18167,1,O(nlogn)
23,S0022000014000026-18167,1,O(n)
23,S0022000014000026-18167,1,O(logn)
23,S0022000014000026-18167,1,7
23,S0022000014000026-18167,1,5
23,S0022000014000026-18167,1,O(n)
23,S0022000014000026-18167,1,3f+1
23,S0022000014000026-18167,1,dmin+
23,S0022000014000026-18167,1,dmax+
23,S0022000014000026-18167,1,O(logn)
23,S0022000014000026-18167,1,10%
23,S0022000014000026-18167,1,Δ∈O(clogn)
23,S0022000014000026-18167,1,1−1/nc
23,S0022000014000026-18167,1,Δ
23,S0022000014000026-18167,1,O(lognloglogn)
23,S0022000014000026-18167,1,O(loglogn)
23,S0022000014000026-18167,1,O(clogn)
24,S0016236113008041-3269,1,1000 and 2000 ppm
24,S0016236113008041-3269,1,0 to 1000 ppm
24,S0016236113008041-3269,1,1000 ppm
24,S0016236113008041-3269,1,0 and 2000 ppm
24,S0016236113008041-3269,1,1000 ppm
24,S0016236113008041-3269,1,135 ppm
24,S0016236113008041-3269,1,407 ppm
24,S0016236113008041-3269,1,0 and 2000 ppm
24,S0016236113008041-3269,1,10 ppm
24,S0016236113008041-3269,1,9.4
24,S0016236113008041-3269,1,14.1 to 66.8 ppm
24,S0016236113008041-3269,1,"0, 1000 and 2000 ppm"
25,S0016236113008041-913,1,0 ppm
25,S0016236113008041-913,1,1000 ppm
25,S0016236113008041-913,1,2000 ppm
25,S0016236113008041-913,1,13 kg
26,S0019103513005058-4210,1,2 m
26,S0019103513005058-4210,1,4.3 × 10−8 wt. %
26,S0019103513005058-4210,1,4.0 × 10−10 wt. %
26,S0019103513005058-4210,1,0.4–0.6 wt. %
26,S0019103513005058-4210,1,1:60
26,S0019103513005058-4210,1,1:1000
27,S0019103512002801-1927,1,0.1–0.2 s−1
27,S0019103512002801-1927,1,5–10 s
27,S0019103512002801-1927,1,10RRh
28,S0019103512003995-3548,1,1 μbar
28,S0019103512003995-3548,1,8250 K
28,S0019103512003995-3548,1,3Rp
28,S0019103512003995-3548,1,6000 K
28,S0019103512003995-3548,1,"11,000 K"
29,S0012821X13002185-1061,1,33.7 Ma
29,S0012821X13002185-1061,1,60% and 100%
29,S0012821X13002185-1061,1,400 ka
29,S0012821X13002185-1061,1,2 Ma
30,S0021979713004438-1969,1,10 μM
30,S0021979713004438-1969,1,pH 7–8
30,S0021979713004438-1969,1,10%
30,S0021979713004438-1969,1,3.91 nm
30,S0021979713004438-1969,1,500 nm
30,S0021979713004438-1969,1,500 nm
31,S0012821X13007309-1509,1,2–3‰
31,S0012821X13007309-1509,1,-27‰
31,S0012821X13007309-1509,1,4.3 m
31,S0012821X13007309-1509,1,-27‰
32,S0012821X13007309-1482,1,17.7 m
32,S0012821X13007309-1482,1,12 m
32,S0012821X13007309-1482,1,12.6 m
32,S0012821X13007309-1482,1,1 to 20 cm
32,S0012821X13007309-1482,1,93.90±0.15 Ma
33,S0022459611006116-1195,1,5
33,S0022459611006116-1195,1,80
33,S0022459611006116-1195,1,0.02°
33,S0022459611006116-1195,1,50 min
34,S0019103512002801-1849,1,350
34,S0019103512002801-1849,1,1%
34,S0019103512002801-1849,1,1 keV
35,S0019103511004994-1511,1,20 keV
35,S0019103511004994-1511,1,several tens of MeV
35,S0019103511004994-1511,1,86 s
35,S0019103511004994-1511,1,2005
35,S0019103511004994-1511,1,77.45°
35,S0019103511004994-1511,1,5.65 s
35,S0019103511004994-1511,1,0.66 s
35,S0019103511004994-1511,1,86 s
36,S0019103512003995-1807,1,589.3 nm
36,S0019103512003995-1807,1,300–800 nm
36,S0019103512003995-1807,1,3 mbar
37,S0019103512003533-3299,1,50%
38,S0022399913003358-1044,1,40%
38,S0022399913003358-1044,1,55–74 year
39,S0019103512004009-3488,1,3 mbar
39,S0019103512004009-3488,1,1300 K
39,S0019103512004009-3488,1,3500 K
39,S0019103512004009-3488,1,1 μbar
39,S0019103512004009-3488,1,3 mbar
40,S0016236113008041-3112,1,10%
41,S0019103512003533-4685,1,78°
41,S0019103512003533-4685,1,0°
41,S0019103512003533-4685,1,1000 km
42,S0022459611006116-1160,1,99.9%
42,S0022459611006116-1160,1,1:3
42,S0022459611006116-1160,1,1:1
43,S0016236113008041-890,1,4.5 kg
43,S0016236113008041-890,1,6 kg
43,S0016236113008041-890,1,13 kg
44,S0019103512002801-1496,1,5.7 s
45,S0019103512003533-5598,1,74°S to 90°S
45,S0019103512003533-5598,1,490 K
45,S0019103512003533-5598,1,430 K
45,S0019103512003533-5598,1,60 K
46,S0019103512004009-4492,1,7.2Rp
46,S0019103512004009-4492,1,7.2 km s-1
46,S0019103512004009-4492,1,7100 K
46,S0019103512004009-4492,1,7100 K
46,S0019103512004009-4492,1,16
46,S0019103512004009-4492,1,8
46,S0019103512004009-4492,1,0.9mH
47,S0012821X13007309-1605,1,30°N
47,S0012821X13007309-1605,1,20 m
47,S0012821X13007309-1605,1,24 m
47,S0012821X13007309-1605,1,4
48,S0021979713004438-1907,1,10 min
48,S0021979713004438-1907,1,10 μm
49,S0012821X13002185-1231,1,-1‰
49,S0012821X13002185-1231,1,40%
49,S0012821X13002185-1231,1,12–20 μm
49,S0012821X13002185-1231,1,2 and 20 μm
49,S0012821X13002185-1231,1,0.92
49,S0012821X13002185-1231,1,-1‰
49,S0012821X13002185-1231,1,2–10 μm
49,S0012821X13002185-1231,1,10–20 μm
50,S0019103512003995-1910,1,1947 and 1999
50,S0019103512003995-1910,1,1% and 37%
50,S0019103512003995-1910,1,27 days
50,S0019103512003995-1910,1,9 ± 6%
50,S0019103512003995-1910,1,10–11 days
50,S0019103512003995-1910,1,2 h
51,S0019103512003533-4971,1,6 K
52,S0019103512002801-1342,1,1RRh
52,S0019103512002801-1342,1,764 km
52,S0019103512002801-1342,1,8.74Rs
52,S0019103512002801-1342,1,1Rs
52,S0019103512002801-1342,1,"60,268 km"
53,S0021979713004438-2148,1,10 μM
53,S0021979713004438-2148,1,15 min
53,S0021979713004438-2148,1,1540 cm−1
53,S0021979713004438-2148,1,1550 cm−1
53,S0021979713004438-2148,1,1536 cm−1
53,S0021979713004438-2148,1,1485 cm−1
53,S0021979713004438-2148,1,1260 cm−1
53,S0021979713004438-2148,1,1423 cm−1
54,S0019103511004994-1565,1,±10 min
54,S0019103511004994-1565,1,56–100 keV
54,S0019103511004994-1565,1,10 Enceladus radii
55,S0019103512003533-5072,1,1300 m s−1
55,S0019103512003533-5072,1,82°
55,S0019103512003533-5072,1,1600 m s−1
55,S0019103512003533-5072,1,78°
56,S0016236113008041-3207,1,90–95%
57,S0019103512004009-3825,1,50%
57,S0019103512004009-3825,1,"11,500 K"
57,S0019103512004009-3825,1,1.5Rp
57,S0019103512004009-3825,1,0.3 nbar
57,S0019103512004009-3825,1,0.1
57,S0019103512004009-3825,1,1
57,S0019103512004009-3825,1,1.4Rp
57,S0019103512004009-3825,1,0.5 nbar
57,S0019103512004009-3825,1,1.9Rp
57,S0019103512004009-3825,1,0.1 nbar
57,S0019103512004009-3825,1,"10,000 K"
57,S0019103512004009-3825,1,"13,200 K"
58,S0016236113008041-3171,1,4.5 kg
58,S0016236113008041-3171,1,22 ppm
58,S0016236113008041-3171,1,0.22 ppm
58,S0016236113008041-3171,1,13 kg
58,S0016236113008041-3171,1,<1 ppm
58,S0016236113008041-3171,1,<1 ppm
58,S0016236113008041-3171,1,<1 ppm
58,S0016236113008041-3171,1,6 kg
58,S0016236113008041-3171,1,4.5 kg
58,S0016236113008041-3171,1,6 kg
58,S0016236113008041-3171,1,13 kg
58,S0016236113008041-3171,1,<0.1 ppm
59,S0019103512003533-3348,1,2°
59,S0019103512003533-3348,1,10°
59,S0019103512003533-3348,1,0.4
59,S0019103512003533-3348,1,5 s
59,S0019103512003533-3348,1,500
60,S0019103512003995-2760,1,11 km s−1
60,S0019103512003995-2760,1,5Rp
61,S0022000014000026-17824,1,1 μs
62,S0012821X12004384-1594,1,2618 m
62,S0012821X12004384-1594,1,40°N
63,S0019103512002801-1608,1,5 km s−1
64,S0019103512004009-5507,1,1 μbar
64,S0019103512004009-5507,1,8250 K
64,S0019103512004009-5507,1,3Rp
65,S0378383911001669-2260,1,1.3 mm
65,S0378383911001669-2260,1,8.4 mm
65,S0378383911001669-2260,1,50%
65,S0378383911001669-2260,1,0.072 m
65,S0378383911001669-2260,1,2.377 m
65,S0378383911001669-2260,1,8.4 mm
65,S0378383911001669-2260,1,1.3 mm
66,S0927024813001955-1005,1,150 °C
66,S0927024813001955-1005,1,100%
67,S0022399913003358-931,1,7 to 20%
67,S0022399913003358-931,1,10 year
67,S0022399913003358-931,1,48 years
67,S0022399913003358-931,1,13%
67,S0022399913003358-931,1,5%
68,S175058361300203X-1556,1,34 °C
68,S175058361300203X-1556,1,38 °C
68,S175058361300203X-1556,1,1%
68,S175058361300203X-1556,1,10%
69,S175058361300203X-1542,1,34–38 °C
69,S175058361300203X-1542,1,50%
69,S175058361300203X-1542,1,5 m/s
69,S175058361300203X-1542,1,±5%
69,S175058361300203X-1542,1,±70 m/s
69,S175058361300203X-1542,1,34 and 38 °C
70,S2213671113001306-1286,1,4 weeks
71,S0019103513005058-3917,1,0.02 cm s−1
72,S0960148113002048-3775,1,0.01–0.03 Hz
72,S0960148113002048-3775,1,0.003 Hz
73,S0378383911001669-1634,1,0.1 mg/l
73,S0378383911001669-1634,1,50 mm
73,S0378383911001669-1634,1,1:10
74,S0025322712001600-2406,1,< 9 m
74,S0025322712001600-2406,1,> 10%
74,S0025322712001600-2406,1,< 5%
74,S0025322712001600-2406,1,95%
75,S0032063312002437-627,1,192 s
75,S0032063312002437-627,1,15
75,S0032063312002437-627,1,9th August 2008
75,S0032063312002437-627,1,05:28 UT
75,S0032063312002437-627,1,05:47 UT
76,S0927024813002420-1032,1,80 vol%
76,S0927024813002420-1032,1,70 nm
76,S0927024813002420-1032,1,2–3 mA/cm2
76,S0927024813002420-1032,1,0.40–0.45 V
77,S2213671113000921-994,1,36
77,S2213671113000921-994,1,26
77,S2213671113000921-994,1,72%
77,S2213671113000921-994,1,20 passages
77,S2213671113000921-994,1,100%
78,S0032063312003054-2483,1,01:25:00 UT
78,S0032063312003054-2483,1,01:25:40 UT
79,S2213671113000908-640,1,25 days
80,S0165587612003680-998,1,54.3%
80,S0165587612003680-998,1,14.3%
80,S0165587612003680-998,1,82.9%
80,S0165587612003680-998,1,57.1%
80,S0165587612003680-998,1,67.9%
80,S0165587612003680-998,1,0%
80,S0165587612003680-998,1,0.02
81,S0016236113008041-2924,1,9
81,S0016236113008041-2924,1,21
82,S2213671113000738-430,1,3 months
83,S0019103513005058-4302,1,3.5–6.1
83,S0019103513005058-4302,1,×10−4
83,S0019103513005058-4302,1,3 byr
83,S0019103513005058-4302,1,1.5–2.6 m
84,S0950705113001895-23699,1,10% to 100%
84,S0950705113001895-23699,1,85%
84,S0950705113001895-23699,1,85%
85,S0006322312001096-1248,1,2.30
85,S0006322312001096-1248,1,95%
85,S0006322312001096-1248,1,1.03–5.13
85,S0006322312001096-1248,1,65
86,S0006322312001096-1260,1,70
86,S0006322312001096-1260,1,2-year
86,S0006322312001096-1260,1,6 years
87,S0012821X12004384-1148,1,56 Ma
87,S0012821X12004384-1148,1,54 °N
87,S0012821X12004384-1148,1,103 yrs
88,S2213671113001306-1520,1,30 degrees
88,S2213671113001306-1520,1,60 μm
88,S2213671113001306-1520,1,20 × 20 degrees
88,S2213671113001306-1520,1,4.2 mm
88,S2213671113001306-1520,1,30 degrees
89,S016412121300188X-4069,1,9438
89,S016412121300188X-4069,1,7538
89,S016412121300188X-4069,1,70%
90,S0016236113008041-961,1,+1%
91,S0960148113004989-3327,1,22%
91,S0960148113004989-3327,1,48.4 MW
91,S0960148113004989-3327,1,59.0 MW
92,S0378112713005288-1720,1,15
92,S0378112713005288-1720,1,120 m to 380 m
92,S0378112713005288-1720,1,1000 stems/ha
92,S0378112713005288-1720,1,10
93,S0006322312001096-1275,1,66% to 88%
94,S2211124712002884-682,1,50 μm
95,S2213671113000738-435,1,3
95,S2213671113000738-435,1,200 μm
95,S2213671113000738-435,1,50 μm
95,S2213671113000738-435,1,100 μm
97,S0006322312001096-1271,1,274
97,S0006322312001096-1271,1,90%
97,S0006322312001096-1271,1,80%
98,S2211124713006475-841,1,6 weeks
99,S1359835X13001875-1359,1,1 m
99,S1359835X13001875-1359,1,1000
99,S1359835X13001875-1359,1,1000 m-2
100,S0167610513001001-739,1,180 m
100,S0167610513001001-739,1,7.83 m s-1
101,S0032063312003054-1990,1,12 min
101,S0032063312003054-1990,1,2 min
101,S0032063312003054-1990,1,60 eV
102,S1873506113001116-978,1,10 passages
103,S2211124712002884-903,1,8-year
103,S2211124712002884-903,1,67-year-old
103,S2211124712002884-903,1,64-year-old
103,S2211124712002884-903,1,64-year-old
104,S1750583613004192-1267,1,a few percent
104,S1750583613004192-1267,1,around thirty percent
104,S1750583613004192-1267,1,much above thirty percent
104,S1750583613004192-1267,1,80%
104,S1750583613004192-1267,1,40%
105,S0032386113005454-2008,1,-100 °C
106,S0921818113002245-1571,1,0.8 m
106,S0921818113002245-1571,1,1 cm
106,S0921818113002245-1571,1,4.8 m
106,S0921818113002245-1571,1,60 or 63 mm
106,S0921818113002245-1571,1,8 m
106,S0921818113002245-1571,1,11.8 m
106,S0921818113002245-1571,1,11.8 m and 11.5 m
107,S0378383912000130-3601,1,1.5 mm
107,S0378383912000130-3601,1,8.5 mm
107,S0378383912000130-3601,1,600 mm
107,S0378383912000130-3601,1,62 mm
107,S0378383912000130-3601,1,62 mm
107,S0378383912000130-3601,1,1:10
108,S0167880913001229-1304,1,11.25 Mg ha−1 year−1
108,S0167880913001229-1304,1,0.24
108,S0167880913001229-1304,1,0–10 cm
108,S0167880913001229-1304,1,0.18
108,S0167880913001229-1304,1,0.01
108,S0167880913001229-1304,1,0–40 cm
109,S0378383912000130-3827,1,1.5 mm
109,S0378383912000130-3827,1,8.5 mm
109,S0378383912000130-3827,1,8.5 mm
110,S0925443913001385-1646,1,10–30%
110,S0925443913001385-1646,1,63%
111,S0019103513005058-4098,1,211 K
111,S0019103513005058-4098,1,284 K
111,S0019103513005058-4098,1,35%
112,S0019103512004009-3976,1,0.1
112,S0019103512004009-3976,1,1
112,S0019103512004009-3976,1,2.6 km s-1
112,S0019103512004009-3976,1,25 km s-1
112,S0019103512004009-3976,1,100×
112,S0019103512004009-3976,1,30 km s-1
112,S0019103512004009-3976,1,0.1
112,S0019103512004009-3976,1,1
112,S0019103512004009-3976,1,4Rp
113,S2213671113000921-1279,1,70%
114,S016412121300188X-4640,1,52.1%
114,S016412121300188X-4640,1,54
114,S016412121300188X-4640,1,7
114,S016412121300188X-4640,1,54
114,S016412121300188X-4640,1,26
114,S016412121300188X-4640,1,26
115,S1873506113001116-1204,1,3 passages
115,S1873506113001116-1204,1,24 h
115,S1873506113001116-1204,1,3.7 ± 0.9 fold
115,S1873506113001116-1204,1,3.7 × 106 fold
115,S1873506113001116-1204,1,> 99%
115,S1873506113001116-1204,1,13 passages
115,S1873506113001116-1204,1,10 day
115,S1873506113001116-1204,1,46.8% ± 1.6%
116,S016412121300188X-4545,1,1
116,S016412121300188X-4545,1,11.4%
116,S016412121300188X-4545,1,2.4%
116,S016412121300188X-4545,1,2%
116,S016412121300188X-4545,1,30
117,S030881461301604X-1001,1,68 – 70%
117,S030881461301604X-1001,1,30%
117,S030881461301604X-1001,1,30%
117,S030881461301604X-1001,1,98%
118,S1550413113004920-1509,1,147
118,S1550413113004920-1509,1,6 months
118,S1550413113004920-1509,1,9 months
119,S0032386113005454-2865,1,10 wt%
119,S0032386113005454-2865,1,20 wt%
119,S0032386113005454-2865,1,0.296 μm
119,S0032386113005454-2865,1,0.18 μm
119,S0032386113005454-2865,1,-109 °C
120,S0019103512002801-2018,1,10%
121,S0378112713005288-2062,1,"200,000 seeds"
121,S0378112713005288-2062,1,1 kg
121,S0378112713005288-2062,1,5.9 million seeds
121,S0378112713005288-2062,1,1 kg
122,S0006322312001096-1177,1,1985
122,S0006322312001096-1177,1,35 to 55
122,S0006322312001096-1177,1,20
122,S0006322312001096-1177,1,1985 to 1988
122,S0006322312001096-1177,1,73%
122,S0006322312001096-1177,1,"10,308"
122,S0006322312001096-1177,1,6895
122,S0006322312001096-1177,1,3413
122,S0006322312001096-1177,1,5 years
122,S0006322312001096-1177,1,1991 to 1993
122,S0006322312001096-1177,1,8815
122,S0006322312001096-1177,1,1997 to 1999
122,S0006322312001096-1177,1,7870
122,S0006322312001096-1177,1,2003 to 2004
122,S0006322312001096-1177,1,6967
122,S0006322312001096-1177,1,2008 to 2009
122,S0006322312001096-1177,1,6761
123,S1873506114000075-1132,1,48 h
124,S2213671113001306-910,1,"10,500×"
124,S2213671113001306-910,1,"25,000×"
124,S2213671113001306-910,1,2 μm
124,S2213671113001306-910,1,0.2 μm
125,S175058361300203X-1483,1,33 m
125,S175058361300203X-1483,1,20–25%
126,S2211124712002884-1060,1,10%
126,S2211124712002884-1060,1,1X
126,S2211124712002884-1060,1,100 U/ml
127,S0019103513005058-3154,1,1.3 ± 0.5 wt.%
127,S0019103513005058-3154,1,0.5 wt.%
127,S0019103513005058-3154,1,1000
127,S0019103513005058-3154,1,⩽1.6%
127,S0019103513005058-3154,1,<1 ppm by mass
128,S0019103513005058-4175,1,1.0–1.7 wt.%
128,S0019103513005058-4175,1,1.3 wt.%
128,S0019103513005058-4175,1,6.8 wt.%
128,S0019103513005058-4175,1,2.7 wt.%
128,S0019103513005058-4175,1,4.4 wt.%
128,S0019103513005058-4175,1,0.1%
128,S0019103513005058-4175,1,1–2 Ga
129,S2213671113000738-647,1,12 weeks
130,S0021979713004438-1401,1,10 wt.%
130,S0021979713004438-1401,1,99.5%
130,S0021979713004438-1401,1,69 ± 3°
130,S0021979713004438-1401,1,-0.72 V
131,S2213671113000738-684,1,3 months
131,S2213671113000738-684,1,2 months
131,S2213671113000738-684,1,3.5–4 months
131,S2213671113000738-684,1,60%
132,S0019103512001388-3081,1,0.64%
132,S0019103512001388-3081,1,26 October 2011
132,S0019103512001388-3081,1,0.02%
132,S0019103512001388-3081,1,December 16
133,S2213671113000738-445,1,48 hr
134,S0012821X13007309-1691,1,1 m
134,S0012821X13007309-1691,1,20 m
134,S0012821X13007309-1691,1,−25.9 to −26.5‰
134,S0012821X13007309-1691,1,4‰
134,S0012821X13007309-1691,1,−27.2 to −23.1‰
134,S0012821X13007309-1691,1,<0.5 m
135,S2213671113000908-810,1,80%
136,S0012821X12004384-1249,1,22
136,S0012821X12004384-1249,1,10
136,S0012821X12004384-1249,1,57°44’8.47”N
136,S0012821X12004384-1249,1,1°50’26.59”E
136,S0012821X12004384-1249,1,22/10
136,S0012821X12004384-1249,1,2605 m to 2634 m
136,S0012821X12004384-1249,1,2609–2613 m
136,S0012821X12004384-1249,1,1 to 25 per mm
136,S0012821X12004384-1249,1,26
136,S0012821X12004384-1249,1,13 per mm
137,S0019103513005058-4349,1,35%
137,S0019103513005058-4349,1,5%
137,S0019103513005058-4349,1,six orders of magnitude
138,S0921818113002245-882,1,873
138,S0921818113002245-882,1,46–52.1.1
138,S0921818113002245-882,1,1850
138,S0921818113002245-882,1,10.5 m
139,S030881461301604X-1002,1,100 mg/L
139,S030881461301604X-1002,1,1 mg/L
139,S030881461301604X-1002,1,10 mg/L
139,S030881461301604X-1002,1,0.1 mg/L
139,S030881461301604X-1002,1,1%
139,S030881461301604X-1002,1,"1, 5, 10, 20 and 50 μg/L"
139,S030881461301604X-1002,1,1%
140,S2211124713006475-1195,1,10–12
140,S2211124713006475-1195,1,2 days
141,S1873506113001116-710,1,48 h
141,S1873506113001116-710,1,13 passages
141,S1873506113001116-710,1,45 days
141,S1873506113001116-710,1,3
141,S1873506113001116-710,1,3
141,S1873506113001116-710,1,13 passages
141,S1873506113001116-710,1,14 day
141,S1873506113001116-710,1,2
141,S1873506113001116-710,1,14
141,S1873506113001116-710,1,200 μm
142,S0019103512004009-5033,1,1.4Rp
142,S0019103512004009-5033,1,2–3Rp
142,S0019103512004009-5033,1,30 nbar
142,S0019103512004009-5033,1,3800 K
142,S0019103512004009-5033,1,1000 K
142,S0019103512004009-5033,1,1 μbar
142,S0019103512004009-5033,1,1300 K
142,S0019103512004009-5033,1,3.4Rp
142,S0019103512004009-5033,1,2–3%
143,S0927024813001955-576,1,125 nm
143,S0927024813001955-576,1,1 h
144,S2213671113001306-907,1,50 μm
144,S2213671113001306-907,1,200 μm
145,S0006322312001096-1202,1,20
145,S0006322312001096-1202,1,1–2 days
145,S0006322312001096-1202,1,3–4 days
145,S0006322312001096-1202,1,5–7 days
145,S0006322312001096-1202,1,0 and 60
145,S0006322312001096-1202,1,≥16
145,S0006322312001096-1202,1,274
145,S0006322312001096-1202,1,89%
145,S0006322312001096-1202,1,86%
146,S0031405612000728-1621,1,7-month
146,S0031405612000728-1621,1,9
146,S0031405612000728-1621,1,4.8
147,S0012821X13002185-994,1,33.7 Ma
147,S0012821X13002185-994,1,40%
147,S0012821X13002185-994,1,0.6‰
147,S0012821X13002185-994,1,1.5‰
147,S0012821X13002185-994,1,31.5 Ma
148,S0167610512002292-3305,1,1.0 kg
148,S0167610512002292-3305,1,6.35 kg
148,S0167610512002292-3305,1,12 kg
148,S0167610512002292-3305,1,35 m/s
148,S0167610512002292-3305,1,126 km/h
149,S2213671113000738-485,1,3 months
150,S0019103511004994-996,1,0.1
150,S0019103511004994-996,1,10%
151,S2213671113000921-714,1,100 μm
152,S016412121300188X-4392,1,1.00
152,S016412121300188X-4392,1,100%
152,S016412121300188X-4392,1,1/
152,S016412121300188X-4392,1,1
153,S0378112713005288-1948,1,3
153,S0378112713005288-1948,1,8.9
153,S0378112713005288-1948,1,4.1
153,S0378112713005288-1948,1,0.03
153,S0378112713005288-1948,1,20%
153,S0378112713005288-1948,1,<0.01
153,S0378112713005288-1948,1,1
153,S0378112713005288-1948,1,3.95
153,S0378112713005288-1948,1,1.75
154,S0032386113005454-2308,1,3.19 ± 0.10 GPa
154,S0032386113005454-2308,1,1.96 ± 0.08 GPa
154,S0032386113005454-2308,1,20 wt%
155,S0378383913001567-2462,1,0.5 Hz
155,S0378383913001567-2462,1,1.8 cm
156,S0019103512003995-2737,1,5–10
156,S0019103512003995-2737,1,8000 and 9000 K
156,S0019103512003995-2737,1,109–1010 kg s−1
156,S0019103512003995-2737,1,10–100%
156,S0019103512003995-2737,1,10
157,S0168945213001805-4536,1,70%
158,S0019103512003995-1767,1,1083 nm
159,S1873506114000075-1242,1,78 ± 0.6%
159,S1873506114000075-1242,1,88 ± 1.1%
159,S1873506114000075-1242,1,29 ± 0.9%
159,S1873506114000075-1242,1,20 μg/ml
160,S0038071711004354-2573,1,20–30 cm
160,S0038071711004354-2573,1,20 cm
160,S0038071711004354-2573,1,2013–2017
161,S016412121300188X-5066,1,78%
161,S016412121300188X-5066,1,95%
161,S016412121300188X-5066,1,30
162,S016412121300188X-4436,1,10%
162,S016412121300188X-4436,1,10%
163,S0016236113008041-872,1,4.5 kg
163,S0016236113008041-872,1,6 kg
163,S0016236113008041-872,1,13 kg
164,S0012821X12004384-1265,1,71
164,S0012821X12004384-1265,1,1/100th
164,S0012821X12004384-1265,1,5 g
164,S0012821X12004384-1265,1,0.05 g
164,S0012821X12004384-1265,1,>250 μm
164,S0012821X12004384-1265,1,>90%
164,S0012821X12004384-1265,1,20 and 60 g
164,S0012821X12004384-1265,1,63 μm
165,S1389128612002496-6138,1,0.25 Mbps
165,S1389128612002496-6138,1,0.01 Mbps
166,S0019103512003995-2681,1,5Rp
166,S0019103512003995-2681,1,3.9%
166,S0019103512003995-2681,1,8%
166,S0019103512003995-2681,1,5.8%
166,S0019103512003995-2681,1,1334.5 Å
166,S0019103512003995-2681,1,1335.7 Å
166,S0019103512003995-2681,1,40%
166,S0019103512003995-2681,1,5Rp
166,S0019103512003995-2681,1,3.2%
166,S0019103512003995-2681,1,6.7%
166,S0019103512003995-2681,1,4.6%
166,S0019103512003995-2681,1,1334.5 Å
166,S0019103512003995-2681,1,1335.7 Å
166,S0019103512003995-2681,1,2σ
166,S0019103512003995-2681,1,0.9σ
166,S0019103512003995-2681,1,2.6σ
166,S0019103512003995-2681,1,8250 K
167,S0167577X13006393-399,1,1065–1280 cm−1
167,S0167577X13006393-399,1,964 cm−1
167,S0167577X13006393-399,1,1031 cm−1
167,S0167577X13006393-399,1,1091 cm−1
167,S0167577X13006393-399,1,50%
168,S0032386113005454-2055,1,1 Hz
168,S0032386113005454-2055,1,60 × 10 × 3 mm3
168,S0032386113005454-2055,1,−100 °C to 200 °C
168,S0032386113005454-2055,1,4 °C/min
168,S0032386113005454-2055,1,0.725
168,S0032386113005454-2055,1,1.20 g/m3
168,S0032386113005454-2055,1,20 °C
169,S0006322312001096-1205,1,14 days
170,S0022399913003358-943,1,530
170,S0022399913003358-943,1,50%
171,S0925443913003037-654,1,2.5 years
172,S0378383912000130-3662,1,8.5 mm
172,S0378383912000130-3662,1,1.5 mm
173,S0019103512002801-1716,1,3–4 nT
174,S2211124712002884-1110,1,5–6 days
174,S2211124712002884-1110,1,3–4 weeks
174,S2211124712002884-1110,1,0.1 mg/ml
174,S2211124712002884-1110,1,10 μg/m
174,S2211124712002884-1110,1,2-4 weeks
175,S0927024813003036-2011,1,1013 cm−3 to 1016 cm−3
175,S0927024813003036-2011,1,10 min
175,S0927024813003036-2011,1,200 °C
175,S0927024813003036-2011,1,50
175,S0927024813003036-2011,1,<20 ms
175,S0927024813003036-2011,1,>24 h
175,S0927024813003036-2011,1,0.2p0
175,S0927024813003036-2011,1,≤1.5×1012 cm−3
177,S0378383912000130-1048,1,1.5 mm
178,S0019103513005058-4158,1,0.51–0.85 m
178,S0019103513005058-4158,1,1.5–2.6 m
178,S0019103513005058-4158,1,2 m
178,S0019103513005058-4158,1,1 g cm−3
179,S175058361300203X-1280,1,40 Hz
180,S0019103512004009-2821,1,1 μbar
180,S0019103512004009-2821,1,3Rp
180,S0019103512004009-2821,1,8000 K
180,S0019103512004009-2821,1,7000 K
180,S0019103512004009-2821,1,0.047 AU
181,S0167610513002729-1062,1,0.64 H
182,S0168945213001805-4454,1,42–48%
182,S0168945213001805-4454,1,15–27%
183,S1387700313001822-661,1,260 nm
183,S1387700313001822-661,1,215–225 nm
183,S1387700313001822-661,1,297 nm
183,S1387700313001822-661,1,- 10 mdeg
184,S0167880913001229-1021,1,12.4%
184,S0167880913001229-1021,1,0.13%
184,S0167880913001229-1021,1,10 cm
184,S0167880913001229-1021,1,20–40 cm
184,S0167880913001229-1021,1,0–10 cm
185,S0378383912000130-3732,1,1.5 mm
185,S0378383912000130-3732,1,8.5 mm
186,S2213671113001306-1398,1,1 to 2 mg
187,S0006322312001096-1221,1,95%
187,S0006322312001096-1221,1,10%
187,S0006322312001096-1221,1,90%
187,S0006322312001096-1221,1,.05
187,S0006322312001096-1221,1,1.14
187,S0006322312001096-1221,1,1.40
187,S0006322312001096-1221,1,1.24
188,S0167577X13006393-787,1,1.37
188,S0167577X13006393-787,1,1200 °C
188,S0167577X13006393-787,1,1.67
189,S0006322312001096-1194,1,10%
189,S0006322312001096-1194,1,2.84
189,S0006322312001096-1194,1,95%
189,S0006322312001096-1194,1,1.66–4.88
189,S0006322312001096-1194,1,2.25
189,S0006322312001096-1194,1,95%
189,S0006322312001096-1194,1,1.92–2.65
189,S0006322312001096-1194,1,1.34
189,S0006322312001096-1194,1,95%
189,S0006322312001096-1194,1,1.11–1.62
189,S0006322312001096-1194,1,2.14
189,S0006322312001096-1194,1,95%
189,S0006322312001096-1194,1,1.85–2.48
190,S0167610513002729-1127,1,45°
190,S0167610513002729-1127,1,0.23 H
190,S0167610513002729-1127,1,0.52 H
190,S0167610513002729-1127,1,0.80 H
191,S2213671113000908-979,1,12 hr
193,S095741741101342X-726,1,85
193,S095741741101342X-726,1,15%
194,S0038071712001010-1044,1,0.4 mm2
194,S0038071712001010-1044,1,84 days
195,S2213671113000738-738,1,6 months
195,S2213671113000738-738,1,"50,000"
195,S2213671113000738-738,1,1/10
195,S2213671113000738-738,1,2 months
195,S2213671113000738-738,1,3.5–4 months
195,S2213671113000738-738,1,1/100
196,S0378383911001669-1112,1,1.3 mm
196,S0378383911001669-1112,1,5.4 mm
196,S0378383911001669-1112,1,8.4 mm
197,S0019103512001388-1070,1,30 min
198,S0006322312001096-1197,1,30
198,S0006322312001096-1197,1,1 or 0
198,S0006322312001096-1197,1,5
198,S0006322312001096-1197,1,0 to 4
198,S0006322312001096-1197,1,84%
198,S0006322312001096-1197,1,84%
198,S0006322312001096-1197,1,73%
198,S0006322312001096-1197,1,78%
198,S0006322312001096-1197,1,274
198,S0006322312001096-1197,1,58 to 70
198,S0006322312001096-1197,1,2010
198,S0006322312001096-1197,1,80%
198,S0006322312001096-1197,1,81%
199,S0925443913001385-1429,1,10%
199,S0925443913001385-1429,1,2 mM
199,S0925443913001385-1429,1,50 μg/ml
199,S0925443913001385-1429,1,110 μg/ml
199,S0925443913001385-1429,1,"10,000 U/ml"
199,S0925443913001385-1429,1,"10,000 μg/ml"
200,S0019103512003533-3306,1,320–500 K
200,S0019103512003533-3306,1,500 K
201,S1161030113001950-923,1,4
201,S1161030113001950-923,1,90–95%
201,S1161030113001950-923,1,4–8 years
202,S0032386113009889-2123,1,70 MPa
202,S0032386113009889-2123,1,210 MPa
202,S0032386113009889-2123,1,210 MPa
203,S0167819113001051-1550,1,2%
204,S1359645413009816-2243,1,1.5 nm
204,S1359645413009816-2243,1,20 kV
204,S1359645413009816-2243,1,5 K/min
204,S1359645413009816-2243,1,30 K/min
205,S095741741101342X-2624,1,85%
205,S095741741101342X-2624,1,15%
206,S2213671113001306-885,1,10 μm
207,S2213158213000582-1327,1,96
207,S2213158213000582-1327,1,48
207,S2213158213000582-1327,1,21
207,S2213158213000582-1327,1,5 mm
208,S0378383911001669-1088,1,0.072 m
208,S0378383911001669-1088,1,1.3 mm
208,S0378383911001669-1088,1,50
209,S0167880913001229-1033,1,0–10 cm
210,S0378383912000130-3907,1,1.5 mm
211,S0921818113002245-859,1,19 m
212,S0167880913001229-1225,1,<0.01
212,S0167880913001229-1225,1,0–10 cm
212,S0167880913001229-1225,1,9-year
212,S0167880913001229-1225,1,<0.01
212,S0167880913001229-1225,1,20–40 cm
213,S027737911400050X-2401,1,3.00–3.05 ka
214,S0167577X14001256-517,1,0.5–0.6 nJ
214,S0167577X14001256-517,1,250 kHz
214,S0167577X14001256-517,1,4–7 kV
214,S0167577X14001256-517,1,55 K
214,S0167577X14001256-517,1,0.4%
214,S0167577X14001256-517,1,2–4 kV
215,S0038071713001971-1388,1,55%
215,S0038071713001971-1388,1,63%
216,S0960148113005727-1181,1,2%
217,S0012821X12004384-1640,1,5‰
217,S0012821X12004384-1640,1,4 m
217,S0012821X12004384-1640,1,54 oN
218,S0038071712001010-918,1,< 0.001
218,S0038071712001010-918,1,9.9%–16.2%
218,S0038071712001010-918,1,7.01
218,S0038071712001010-918,1,25.4%
218,S0038071712001010-918,1,23.8%
218,S0038071712001010-918,1,16.2%
218,S0038071712001010-918,1,9.9%
218,S0038071712001010-918,1,7.5%
218,S0038071712001010-918,1,14.2%
219,S0031405612000728-1639,1,7
219,S0031405612000728-1639,1,7
219,S0031405612000728-1639,1,4 to 88
219,S0031405612000728-1639,1,60
219,S0031405612000728-1639,1,120
220,S2211124713006475-1205,1,4 weeks
220,S2211124713006475-1205,1,6
221,S0168945213001805-5026,1,13%
222,S1389128612002496-6119,1,10 ms to 0.1 ms
222,S1389128612002496-6119,1,0.5 ms
223,S016412121300188X-4617,1,52%
223,S016412121300188X-4617,1,11%
224,S0927775713009606-1074,1,> 10 nm
224,S0927775713009606-1074,1,> 0.5 cm3 g-1
224,S0927775713009606-1074,1,> 170 m2 g-1
224,S0927775713009606-1074,1,5–40 nm
224,S0927775713009606-1074,1,1
225,S0006322312001096-1230,1,5 year
225,S0006322312001096-1230,1,12.1%
225,S0006322312001096-1230,1,4.6%
225,S0006322312001096-1230,1,2.1%
225,S0006322312001096-1230,1,5.4%
225,S0006322312001096-1230,1,9.2%
225,S0006322312001096-1230,1,47.4%
225,S0006322312001096-1230,1,.64
225,S0006322312001096-1230,1,.001
225,S0006322312001096-1230,1,59.9%
226,S2213671113001306-1404,1,4 weeks
226,S2213671113001306-1404,1,1 month
226,S2213671113001306-1404,1,95%
226,S2213671113001306-1404,1,1 month
226,S2213671113001306-1404,1,4 weeks
227,S0378383912000130-1054,1,8.5 mm
228,S1389128612002496-5994,1,25%
228,S1389128612002496-5994,1,7.6%
229,S0006322312001096-1190,1,5 hours
229,S0006322312001096-1190,1,-4°C
229,S0006322312001096-1190,1,72 hours
229,S0006322312001096-1190,1,2 hours
229,S0006322312001096-1190,1,75 g
229,S0006322312001096-1190,1,1.4%–3.1%
229,S0006322312001096-1190,1,≥7.0 mmol/L
229,S0006322312001096-1190,1,≥11.1 mmol/L
229,S0006322312001096-1190,1,5 minutes
230,S0925443913001385-1638,1,30%
230,S0925443913001385-1638,1,~30%
230,S0925443913001385-1638,1,37%
230,S0925443913001385-1638,1,60–80%
230,S0925443913001385-1638,1,35%
230,S0925443913001385-1638,1,22%
231,S2213671113001306-908,1,125 μm
231,S2213671113001306-908,1,25 μm
232,S0960896612001022-1223,1,20 years
232,S0960896612001022-1223,1,0.1 g/L
233,S0378383912000130-1096,1,8.5 mm
233,S0378383912000130-1096,1,1180 mm
233,S0378383912000130-1096,1,1980 mm
234,S0960148113004989-3203,1,10 min
234,S0960148113004989-3203,1,±12 m
234,S0960148113004989-3203,1,12 s
235,S1873506113001116-1369,1,10
235,S1873506113001116-1369,1,2
235,S1873506113001116-1369,1,10%
235,S1873506113001116-1369,1,8 days
235,S1873506113001116-1369,1,4 days
235,S1873506113001116-1369,1,0
235,S1873506113001116-1369,1,43.57% ± 4.35%
235,S1873506113001116-1369,1,3
235,S1873506113001116-1369,1,43.22% ± 7.13%
235,S1873506113001116-1369,1,3
235,S1873506113001116-1369,1,14
235,S1873506113001116-1369,1,0.0307
235,S1873506113001116-1369,1,3
236,S1367912013002277-1213,1,100
236,S1367912013002277-1213,1,2.5–10 μm
236,S1367912013002277-1213,1,<2.5 μm
237,S0012821X12004384-1284,1,225
237,S0012821X12004384-1284,1,1.167
237,S0012821X12004384-1284,1,±<0.1
237,S0012821X12004384-1284,1,289
237,S0012821X12004384-1284,1,24 h
237,S0012821X12004384-1284,1,93:7
237,S0012821X12004384-1284,1,5%
237,S0012821X12004384-1284,1,>250 μm
237,S0012821X12004384-1284,1,35
237,S0012821X12004384-1284,1,0.4‰
238,S0165587612003680-953,1,90%
239,S0167610513001001-1751,1,1 m s−1
239,S0167610513001001-1751,1,0 and 0.5 m s−1
239,S0167610513001001-1751,1,20 m s−1
240,S0378383912000130-3745,1,8.5 mm
240,S0378383912000130-3745,1,1980 mm
240,S0378383912000130-3745,1,2780 mm
241,S0022459611006116-1448,1,5×10-4 emu mol-1
241,S0022459611006116-1448,1,5 and 300 K
242,S0960148113004989-3258,1,30 m
242,S0960148113004989-3258,1,56
242,S0960148113004989-3258,1,55
242,S0960148113004989-3258,1,73
242,S0960148113004989-3258,1,40.6 MW
242,S0960148113004989-3258,1,31%
242,S0960148113004989-3258,1,30.9 MW
243,S0019103512004009-5271,1,3.5Rp
243,S0019103512004009-5271,1,6 × 106 kg s-1
243,S0019103512004009-5271,1,107kgs-1
243,S0019103512004009-5271,1,10−4
244,S0960148113005727-1494,1,−0.43 ± 0.05 percentage points
244,S0960148113005727-1494,1,−1.6 ± 0.2%
245,S0032386113005454-2601,1,20 °C
245,S0032386113005454-2601,1,111 MPa
245,S0032386113005454-2601,1,63 MPa
245,S0032386113005454-2601,1,20 wt%
246,S016412121300188X-4937,1,0.90
246,S016412121300188X-4937,1,10%
246,S016412121300188X-4937,1,40%
247,S0032063312003054-2501,1,689
247,S0032063312003054-2501,1,85
247,S0032063312003054-2501,1,12%
247,S0032063312003054-2501,1,5%
247,S0032063312003054-2501,1,37
247,S0032063312003054-2501,1,5%
247,S0032063312003054-2501,1,2%
248,S0019103512004009-4350,1,∼1000 K
248,S0019103512004009-4350,1,1000–2000 K
249,S0016236113008041-3012,1,90 kW
249,S0016236113008041-3012,1,82%
249,S0016236113008041-3012,1,81%
250,S0925443913001385-839,1,50 μg
251,S0012821X12004384-1221,1,22/10a-4
251,S0012821X12004384-1221,1,200 and >1000 m
251,S0012821X12004384-1221,1,>0.5 km
251,S0012821X12004384-1221,1,22/10a-4
252,S0927024813002420-975,1,99.9%
252,S0927024813002420-975,1,1×10^-5 Torr
252,S0927024813002420-975,1,300±15 °C
252,S0927024813002420-975,1,0.5–5 Å/s
252,S0927024813002420-975,1,1.5–3 Å/s
252,S0927024813002420-975,1,20–25 monomer units
252,S0927024813002420-975,1,2.0 eV
252,S0927024813002420-975,1,1500–2000 g mol^-1
253,S2211124712002884-649,1,100%
253,S2211124712002884-649,1,3–4
254,S0167610512002292-3187,1,7
254,S0167610512002292-3187,1,0.563 m
254,S0167610512002292-3187,1,0.025 m
255,S0167577X13006393-644,1,1000 °C
255,S0167577X13006393-644,1,1.67
255,S0167577X13006393-644,1,1200 °C
255,S0167577X13006393-644,1,800 °C
256,S0927024813002961-1334,1,5%
256,S0927024813002961-1334,1,650–750 W/m2
256,S0927024813002961-1334,1,700 W/m2
256,S0927024813002961-1334,1,25 °C
257,S0960148113005727-904,1,5–13%
258,S0925443913003037-1397,1,54%
259,S0006322312001096-1136,1,1991
259,S0006322312001096-1136,1,"1997, 2003, and 2008"
259,S0006322312001096-1136,1,5318
259,S0006322312001096-1136,1,54.8 years
259,S0006322312001096-1136,1,31%
260,S0378112713005288-2036,1,100 m
261,S0032063312003054-2264,1,400eV
261,S0032063312003054-2264,1,10eV
261,S0032063312003054-2264,1,100 km
261,S0032063312003054-2264,1,400 km
262,S0016236113008041-3159,1,6 kg
262,S0016236113008041-3159,1,13 kg
263,S0167577X14001256-389,1,12×
263,S0167577X14001256-389,1,4 nm
264,S0012821X12004384-952,1,<30%
264,S0012821X12004384-952,1,>30%
264,S0012821X12004384-952,1,2614.7 m
264,S0012821X12004384-952,1,2619.6 m
265,S0927775713009606-1216,1,1.5418 Å
265,S0927775713009606-1216,1,2θ
265,S0927775713009606-1216,1,5° to 85°
265,S0927775713009606-1216,1,0.1°
265,S0927775713009606-1216,1,4 s
265,S0927775713009606-1216,1,0.9
266,S1359645413009816-2973,1,(0.04–0.10)×10-10
266,S1359645413009816-2973,1,0.12×10-10
266,S1359645413009816-2973,1,0.64×10-10
266,S1359645413009816-2973,1,0.23×10-10
266,S1359645413009816-2973,1,0.19×10-10
266,S1359645413009816-2973,1,(0.28–0.42)×10-10
266,S1359645413009816-2973,1,(0.39–0.41)×10-10
266,S1359645413009816-2973,1,1200
267,S0012821X12004384-1232,1,>0.5 km
267,S0012821X12004384-1232,1,<10 cm
267,S0012821X12004384-1232,1,100 m
268,S2213158213000582-1340,1,5–55 Hz
268,S2213158213000582-1340,1,30–130 ms
268,S2213158213000582-1340,1,4D
268,S2213158213000582-1340,1,3D
268,S2213158213000582-1340,1,2D
268,S2213158213000582-1340,1,95.81%
268,S2213158213000582-1340,1,94.38%
268,S2213158213000582-1340,1,96.24%
268,S2213158213000582-1340,1,93.17%
268,S2213158213000582-1340,1,1.16
268,S2213158213000582-1340,1,0.25
268,S2213158213000582-1340,1,1.31
268,S2213158213000582-1340,1,0.20
269,S0019103511004994-1399,1,3.95
269,S0019103511004994-1399,1,"60,268 km"
269,S0019103511004994-1399,1,252 km
269,S0019103511004994-1399,1,1979
269,S0019103511004994-1399,1,1980
269,S0019103511004994-1399,1,1981
269,S0019103511004994-1399,1,July 2004
269,S0019103511004994-1399,1,14
269,S0019103511004994-1399,1,2005 and 2010
270,S0016236113008041-3161,1,4.5 kg
270,S0016236113008041-3161,1,<0.01 ppm
270,S0016236113008041-3161,1,<2 ppm
271,S0006322312001096-1278,1,65
271,S0006322312001096-1278,1,65 years
272,S0168945213001805-3964,1,51-bp
272,S0168945213001805-3964,1,40%
273,S0012821X12004384-1178,1,55.8 Ma
273,S0012821X12004384-1178,1,5–8 °C
273,S0012821X12004384-1178,1,<20 ka
273,S0012821X12004384-1178,1,−2 and −7‰
273,S0012821X12004384-1178,1,170 ka
273,S0012821X12004384-1178,1,<−60‰
274,S0927024813002420-1202,1,60%
274,S0927024813002420-1202,1,80%
275,S0019103512003995-1283,1,7200 K
276,S2211124712002884-705,1,24 hr
276,S2211124712002884-705,1,100%
277,S2213158213000302-1597,1,between 100 and 200 ms
278,S0022459611006116-547,1,298 K
279,S0032063313003218-6651,1,~1kR
279,S0032063313003218-6651,1,74°
279,S0032063313003218-6651,1,80°
279,S0032063313003218-6651,1,~88kR
279,S0032063313003218-6651,1,~79kR
279,S0032063313003218-6651,1,~7.85mWm-2
279,S0032063313003218-6651,1,10%
279,S0032063313003218-6651,1,~8.8mWm-2
279,S0032063313003218-6651,1,~15kR
280,S1750583613004192-714,1,July 2002
280,S1750583613004192-714,1,5 Mt
280,S1750583613004192-714,1,1999
280,S1750583613004192-714,1,220 m
280,S1750583613004192-714,1,1012 mbsl
280,S1750583613004192-714,1,3 years
281,S1388248113001951-339,1,4.0 V
281,S1388248113001951-339,1,12 mA g-1
281,S1388248113001951-339,1,1/20
281,S1388248113001951-339,1,12 mA g-1
281,S1388248113001951-339,1,30C
281,S1388248113001951-339,1,7260 mA g-1
281,S1388248113001951-339,1,1.3 mg cm-2
281,S1388248113001951-339,1,2.4 mg cm-2
281,S1388248113001951-339,1,2.2 mg cm-2
282,S0960148113004989-3277,1,12 h
282,S0960148113004989-3277,1,864 s
283,S0032063312003054-2467,1,10%
284,S0927024813001955-679,1,<200 nm
284,S0927024813001955-679,1,3.4+0.1 cm2/Vs
284,S0927024813001955-679,1,100%
284,S0927024813001955-679,1,200 days
285,S0006322312001096-1253,1,65 years
286,S0169433213008933-689,1,80/20
286,S0169433213008933-689,1,0.06–0.07 mBar
286,S0169433213008933-689,1,240 s
286,S0169433213008933-689,1,30 mA
287,S0168945213001805-4775,1,−18 °C
287,S0168945213001805-4775,1,−8 °C
288,S0921818113002245-1752,1,1 mm
288,S0921818113002245-1752,1,5.16 m
289,S0927775713009606-1361,1,0.097 nm
289,S0927775713009606-1361,1,0.4
289,S0927775713009606-1361,1,1.0 nm
289,S0927775713009606-1361,1,0.19
289,S0927775713009606-1361,1,0.21 nm
290,S175058361300203X-1638,1,34 °C
290,S175058361300203X-1638,1,38 °C
290,S175058361300203X-1638,1,34 °C and 38 °C
291,S0167819113001051-1247,1,18
291,S0167819113001051-1247,1,50%
291,S0167819113001051-1247,1,80%
292,S0165587612003680-1078,1,60%
293,S0025322712001600-2230,1,200 years
294,S0006322312001096-626,1,10%
294,S0006322312001096-626,1,65
295,S0038071712001010-944,1,115%
295,S0038071712001010-944,1,169%
295,S0038071712001010-944,1,0.001
296,S0378383912000130-3755,1,1.5 mm
297,S0927024813002961-1051,1,2–7%
297,S0927024813002961-1051,1,10–15%
297,S0927024813002961-1051,1,25%
298,S2213158213000582-1398,1,50 ms
298,S2213158213000582-1398,1,100 ms
298,S2213158213000582-1398,1,< 0.05
298,S2213158213000582-1398,1,100 ms
298,S2213158213000582-1398,1,100 ms
299,S0032063312002437-593,1,August 2008 and October 2009
299,S0032063312002437-593,1,86°
299,S0032063312002437-593,1,185 km and 215 km
299,S0032063312002437-593,1,10 min
300,S0167610513001001-1566,1,2%
301,S0301010413004096-646,1,5 K
302,S0032063313003218-5381,1,a few tens of minutes
302,S0032063313003218-5381,1,2 days
303,S0038071711004354-1624,1,150 cm
303,S0038071711004354-1624,1,100 cm
303,S0038071711004354-1624,1,15 cm
303,S0038071711004354-1624,1,15 min
303,S0038071711004354-1624,1,30 cm
304,S0022459611006116-987,1,1323–1423 K
304,S0022459611006116-987,1,5 and 300 K
305,S037842901300244X-1654,1,50%
305,S037842901300244X-1654,1,67 das
305,S037842901300244X-1654,1,101 das
305,S037842901300244X-1654,1,121 das
305,S037842901300244X-1654,1,0
305,S037842901300244X-1654,1,0
306,S0012821X12004384-1610,1,2617.4 m
306,S0012821X12004384-1610,1,2619.6 m
306,S0012821X12004384-1610,1,2614.7 m
307,S0019103512003995-2579,1,3Rp
307,S0019103512003995-2579,1,6300 K
308,S2213671113000738-787,1,40 μm
309,S0032063312002437-586,1,400 km
309,S0032063312002437-586,1,400 km
309,S0032063312002437-586,1,140 km
310,S0019103513005058-4499,1,280 K
311,S0960148113002735-2182,1,1050 and 1170 s
312,S0378383913001567-6892,1,40 m
312,S0378383913001567-6892,1,90 m
312,S0378383913001567-6892,1,5°
312,S0378383913001567-6892,1,10 m
312,S0378383913001567-6892,1,121
312,S0378383913001567-6892,1,53
312,S0378383913001567-6892,1,1 m
312,S0378383913001567-6892,1,2.5
313,S0925443913001385-1319,1,80
313,S0925443913001385-1319,1,13
313,S0925443913001385-1319,1,100
313,S0925443913001385-1319,1,606639
313,S0925443913001385-1319,1,604723
313,S0925443913001385-1319,1,602389
313,S0925443913001385-1319,1,611524
313,S0925443913001385-1319,1,610956
313,S0925443913001385-1319,1,610957
313,S0925443913001385-1319,1,612804
313,S0925443913001385-1319,1,600783
313,S0925443913001385-1319,1,612035
313,S0925443913001385-1319,1,609728
313,S0925443913001385-1319,1,612799
313,S0925443913001385-1319,1,611592
313,S0925443913001385-1319,1,608109
313,S0925443913001385-1319,1,610230
313,S0925443913001385-1319,1,614667
313,S0925443913001385-1319,1,613541
313,S0925443913001385-1319,1,612958
313,S0925443913001385-1319,1,607544
313,S0925443913001385-1319,1,614478
313,S0925443913001385-1319,1,609204
313,S0925443913001385-1319,1,605810
313,S0925443913001385-1319,1,607118
313,S0925443913001385-1319,1,~ 2 megadalton
313,S0925443913001385-1319,1,~ 70%
314,S0925443913001385-1683,1,49%
314,S0925443913001385-1683,1,58%
315,S0019103512003533-5318,1,10 keV
315,S0019103512003533-5318,1,400–650 K
315,S0019103512003533-5318,1,100 mV m-1
315,S0019103512003533-5318,1,1 mW m-2
315,S0019103512003533-5318,1,800 K
316,S0301010413004096-693,1,77 K
316,S0301010413004096-693,1,∼16 wt%
316,S0301010413004096-693,1,below 10 K
317,S2213671113000908-643,1,25 days
318,S0257897213007573-574,1,2 × 2 μm2
318,S0257897213007573-574,1,2 × 2 μm2
318,S0257897213007573-574,1,20 × 20 μm2
318,S0257897213007573-574,1,0.22 nm
318,S0257897213007573-574,1,1.46 nm
318,S0257897213007573-574,1,54.68 nm
319,S2213158213000582-751,1,50 ms
319,S2213158213000582-751,1,< 0.05
319,S2213158213000582-751,1,< 0.05
320,S0925443913001385-1526,1,5 μg
320,S0925443913001385-1526,1,1.2%
321,S1750583613004192-1689,1,10 MPa
321,S1750583613004192-1689,1,10 MPa
321,S1750583613004192-1689,1,hundreds of meters
321,S1750583613004192-1689,1,less than a few thousand years
322,S0960148113002735-1289,1,200 kW
322,S0960148113002735-1289,1,24 m
322,S0960148113002735-1289,1,26 m
323,S0378112713005288-1916,1,100 m
323,S0378112713005288-1916,1,0.23
323,S0378112713005288-1916,1,0.28
323,S0378112713005288-1916,1,< 0.0001
324,S0032063313003218-7156,1,6×
324,S0032063313003218-7156,1,3×
324,S0032063313003218-7156,1,7×
324,S0032063313003218-7156,1,2600TW
324,S0032063313003218-7156,1,75%
324,S0032063313003218-7156,1,30%
325,S0960148113005727-855,1,1.6 ± 0.2%
325,S0960148113005727-855,1,28.5%
325,S0960148113005727-855,1,21%
325,S0960148113005727-855,1,19
325,S0960148113005727-855,1,12%
325,S0960148113005727-855,1,9%
326,S2213158213000582-1410,1,50 ms
326,S2213158213000582-1410,1,100 ms
326,S2213158213000582-1410,1,50 and 100 ms
327,S0032386113005454-2022,1,0.1–5 μm
327,S0032386113005454-2022,1,5–20%
328,S0032063313003218-5227,1,700 K
328,S0032063313003218-5227,1,40 years
329,S0960148113005727-1466,1,100 MW
329,S0960148113005727-1466,1,28.5%
329,S0960148113005727-1466,1,4.99 TWh
329,S0960148113005727-1466,1,20 years
329,S0960148113005727-1466,1,−0.41 points
329,S0960148113005727-1466,1,4.37 TWh
329,S0960148113005727-1466,1,12.5%
329,S0960148113005727-1466,1,10%
329,S0960148113005727-1466,1,9%
329,S0960148113005727-1466,1,£90
329,S0960148113005727-1466,1,£98
331,S0022459611006116-1257,1,1323 K
331,S0022459611006116-1257,1,4.2153(4) Å
331,S0022459611006116-1257,1,4.216 Å
331,S0022459611006116-1257,1,1.1(2) wt%
331,S0022459611006116-1257,1,9.36 fm
331,S0022459611006116-1257,1,5.65 fm
331,S0022459611006116-1257,1,145°
332,S0167577X13006393-662,1,1 ml
332,S0167577X13006393-662,1,5 ml
332,S0167577X13006393-662,1,1 ml/h
332,S0167577X13006393-662,1,12.2 kV
333,S0032386113005454-1270,1,20 °C
334,S2211124712002884-620,1,50 μm
335,S2213671113001306-1385,1,days 3–5
335,S2213671113001306-1385,1,1 week
336,S0032063313003218-5269,1,"September 8 to 11, 1998"
336,S0032063313003218-5269,1,940–1065 K
336,S0032063313003218-5269,1,67 mW m-2
336,S0032063313003218-5269,1,September 8
336,S0032063313003218-5269,1,277 mW m-2
336,S0032063313003218-5269,1,September 11
336,S0032063313003218-5269,1,20%
337,S0925443913001385-1621,1,27.5%
338,S0022459611006116-1351,1,1423 K
338,S0022459611006116-1351,1,4.1816(4) Å
338,S0022459611006116-1351,1,10.0322(6) Å
338,S0022459611006116-1351,1,4.186 Å
338,S0022459611006116-1351,1,10.042 Å
339,S2213671113000738-447,1,>10%
340,S0038071711004354-1644,1,14.8 °C
340,S0038071711004354-1644,1,898 mm
340,S0038071711004354-1644,1,2–5 cm
340,S0038071711004354-1644,1,0.1 m
340,S0038071711004354-1644,1,93%
340,S0038071711004354-1644,1,4%
340,S0038071711004354-1644,1,3%
341,S0019103512003995-2096,1,0.1–1 μbar
341,S0019103512003995-2096,1,"8000–11,000K"
341,S0019103512003995-2096,1,2.7Rp
341,S0019103512003995-2096,1,1 μbar
341,S0019103512003995-2096,1,8250 K
342,S0038071711004354-2370,1,15%
342,S0038071711004354-2370,1,±0.05
342,S0038071711004354-2370,1,14–75%
342,S0038071711004354-2370,1,5%
342,S0038071711004354-2370,1,±0.05
342,S0038071711004354-2370,1,27–48%
343,S0167278913001450-12425,1,100 m
343,S0167278913001450-12425,1,500 m
343,S0167278913001450-12425,1,1000 m
343,S0167278913001450-12425,1,1500 m
344,S0016236113008041-3127,1,4
344,S0016236113008041-3127,1,9
344,S0016236113008041-3127,1,600 °C
344,S0016236113008041-3127,1,750 °C
344,S0016236113008041-3127,1,1000 °C
344,S0016236113008041-3127,1,20 °C
345,S0378383912000130-3739,1,1.5 mm
345,S0378383912000130-3739,1,2 s
346,S0378383911001669-2205,1,0.772 m
346,S0378383911001669-2205,1,1.3 mm
346,S0378383911001669-2205,1,5.4 mm
346,S0378383911001669-2205,1,1.3 mm
346,S0378383911001669-2205,1,1 s
347,S0378112713005288-1800,1,2
347,S0378112713005288-1800,1,2
347,S0378112713005288-1800,1,100
347,S0378112713005288-1800,1,1140
347,S0378112713005288-1800,1,⩽50
347,S0378112713005288-1800,1,>50
347,S0378112713005288-1800,1,<2
347,S0378112713005288-1800,1,250
347,S0378112713005288-1800,1,100%
348,S0378383912000130-3891,1,1.5 mm
348,S0378383912000130-3891,1,8.5 mm
349,S037842901300244X-1427,1,51%
349,S037842901300244X-1427,1,1%
349,S037842901300244X-1427,1,46%
349,S037842901300244X-1427,1,62%
349,S037842901300244X-1427,1,49%
349,S037842901300244X-1427,1,31%
349,S037842901300244X-1427,1,76%
349,S037842901300244X-1427,1,84%
349,S037842901300244X-1427,1,34%
350,S0032386113005454-2876,1,20 °C
351,S175058361300203X-1240,1,6.2 MPa
351,S175058361300203X-1240,1,34 °C
351,S175058361300203X-1240,1,7.73 MPa
351,S175058361300203X-1240,1,38 °C
351,S175058361300203X-1240,1,260 kg/m3
351,S175058361300203X-1240,1,320 kg/m3
352,S0960148113005727-1203,1,2–5%
352,S0960148113005727-1203,1,1%
352,S0960148113005727-1203,1,3%
353,S016412121300188X-3207,1,89%
353,S016412121300188X-3207,1,10%
353,S016412121300188X-3207,1,20KLoC
353,S016412121300188X-3207,1,10%
353,S016412121300188X-3207,1,40%
354,S037842901300244X-1801,1,484 g m-2
355,S0016236113008041-3257,1,0.34%
355,S0016236113008041-3257,1,0.67%
355,S0016236113008041-3257,1,0.66%
355,S0016236113008041-3257,1,4.5 kg
355,S0016236113008041-3257,1,6 kg
355,S0016236113008041-3257,1,3.98%
355,S0016236113008041-3257,1,13 kg
356,S0038071711004354-2389,1,0.18 g CO2 m−2 h−1
356,S0038071711004354-2389,1,56%
356,S0038071711004354-2389,1,0.15 g CO2 m−2 h−1
356,S0038071711004354-2389,1,44%
357,S0022399913003358-956,1,1980's
357,S0022399913003358-956,1,40 to 69 years
358,S0960148113004989-2841,1,π/640 m-1
358,S0960148113004989-2841,1,2 m
358,S0960148113004989-2841,1,50 m
358,S0960148113004989-2841,1,3 m2 s-1
358,S0960148113004989-2841,1,0
358,S0960148113004989-2841,1,0.0025
358,S0960148113004989-2841,1,9.81 m s-2
358,S0960148113004989-2841,1,28.9s
358,S0960148113004989-2841,1,640 m
358,S0960148113004989-2841,1,320 m
359,S0967064513002774-1376,1,220 mL
359,S0967064513002774-1376,1,2 h
359,S0967064513002774-1376,1,8
359,S0967064513002774-1376,1,2
359,S0967064513002774-1376,1,48 h
359,S0967064513002774-1376,1,40 min
359,S0967064513002774-1376,1,80%
359,S0967064513002774-1376,1,21 days
359,S0967064513002774-1376,1,-20 °C
360,S0378383912000130-3726,1,8.5 mm
361,S2213671113000738-667,1,35 and 71
361,S2213671113000738-667,1,25 ng/ml
361,S2213671113000738-667,1,48 hr
361,S2213671113000738-667,1,1:100
362,S2213158213000582-1279,1,3 ms
362,S2213158213000582-1279,1,500 ms
362,S2213158213000582-1279,1,7 and 11 s
362,S2213158213000582-1279,1,9 s
362,S2213158213000582-1279,1,35 dB
362,S2213158213000582-1279,1,150
362,S2213158213000582-1279,1,25 minutes
362,S2213158213000582-1279,1,50 and 100 ms
363,S0032386113005454-2886,1,−55 °C and −109 °C
364,S0019103512003533-5211,1,10^-5 mbar
364,S0019103512003533-5211,1,78°
364,S0019103512003533-5211,1,±50 K
364,S0019103512003533-5211,1,⩽10 K
364,S0019103512003533-5211,1,10 keV
365,S0032063312000487-1141,1,77%
365,S0032063312000487-1141,1,77%
365,S0032063312000487-1141,1,76%
365,S0032063312000487-1141,1,89%
365,S0032063312000487-1141,1,94%
365,S0032063312000487-1141,1,86%
366,S0167739X12001525-6016,1,10%
366,S0167739X12001525-6016,1,19.8%
366,S0167739X12001525-6016,1,5%
367,S2213158213001253-2433,1,0.90
367,S2213158213001253-2433,1,0.89
367,S2213158213001253-2433,1,100%
367,S2213158213001253-2433,1,100%
367,S2213158213001253-2433,1,0%
367,S2213158213001253-2433,1,0%
368,S2211124713006475-741,1,50 μm
369,S0257897213007573-899,1,1354 cm−1
369,S0257897213007573-899,1,1.32
369,S0257897213007573-899,1,3.75 nm
370,S2213158213000582-1050,1,30 to 130 ms
371,S0927024813002961-1357,1,0.65%/a
372,S0301010413004096-767,1,−2 and 500 meV
372,S0301010413004096-767,1,1%
372,S0301010413004096-767,1,2.5 g
372,S0301010413004096-767,1,10−7 mbar
372,S0301010413004096-767,1,120 °C
372,S0301010413004096-767,1,1 day
372,S0301010413004096-767,1,5 ± 0.2 K
372,S0301010413004096-767,1,99.5%
372,S0301010413004096-767,1,40–50 K
372,S0301010413004096-767,1,5 K
373,S1873506114000075-1104,1,1-Step
373,S1873506114000075-1104,1,10%
374,S0378383912000130-1090,1,8.5 mm
375,S0168945213001805-5396,1,10-year-old
375,S0168945213001805-5396,1,three-year-old
375,S0168945213001805-5396,1,>10-year-old
375,S0168945213001805-5396,1,19-year-old
375,S0168945213001805-5396,1,18-year-old
375,S0168945213001805-5396,1,40%
376,S0378383913001567-7073,1,∆t = 0.2 m
376,S0378383913001567-7073,1,∆x = 0.2 m
376,S0378383913001567-7073,1,2.33
377,S0022000014000026-12523,1,0
377,S0022000014000026-12523,1,1
378,S0167577X13006393-801,1,10 nm
378,S0167577X13006393-801,1,1200 °C
378,S0167577X13006393-801,1,0.4 to 0.5
379,S0019103513005058-3189,1,-57 °C
379,S0019103513005058-3189,1,-75 °C
379,S0019103513005058-3189,1,0.02 g H2O per g soil
380,S2213158213000582-1469,1,100 ms
380,S2213158213000582-1469,1,100 ms
381,S0927024813001955-812,1,41.73 mg/mL
381,S0927024813001955-812,1,2 h
381,S0927024813001955-812,1,800 rpm
381,S0927024813001955-812,1,60 °C
382,S0019103512003533-3908,1,0.125
382,S0019103512003533-3908,1,2 × 10−9
382,S0019103512003533-3908,1,1 × 10−9 cm3 s−1
382,S0019103512003533-3908,1,4
383,S2213158213000582-1041,1,50 and 100 ms
383,S2213158213000582-1041,1,50 and 100 ms
384,S0925443913001385-849,1,2 μg
384,S0925443913001385-849,1,5 μg
384,S0925443913001385-849,1,10 μg
384,S0925443913001385-849,1,835 μg
385,S0960148113002735-1989,1,1800 s
385,S0960148113002735-1989,1,57%
385,S0960148113002735-1989,1,1800 s
385,S0960148113002735-1989,1,2700 s
386,S0019103512003995-1237,1,1334.5 Å
386,S0019103512003995-1237,1,2.23 × 1019 m−2
386,S0019103512003995-1237,1,-6.6 km s−1
386,S0019103512003995-1237,1,12.3 km s−1
386,S0019103512003995-1237,1,1335.7 Å
386,S0019103512003995-1237,1,"17,500"
387,S0012821X13007309-1649,1,0.5‰
387,S0012821X13007309-1649,1,4‰
387,S0012821X13007309-1649,1,−27.7 to −23.7‰
387,S0012821X13007309-1649,1,2 m
387,S0012821X13007309-1649,1,−23.5‰ to −27.5‰
387,S0012821X13007309-1649,1,1035.75 mbsf
387,S0012821X13007309-1649,1,3.52 m
388,S0038071711004354-2578,1,30 cm
389,S016412121300188X-4207,1,14%
389,S016412121300188X-4207,1,37%
389,S016412121300188X-4207,1,30
390,S0022459611006116-1200,1,5
390,S0022459611006116-1200,1,0.02°
390,S0022459611006116-1200,1,14 h
391,S0378383912000130-1041,1,1.5 mm
391,S0378383912000130-1041,1,8.5 mm
392,S2213158213001253-2583,1,4 × 4 × 5 mm
393,S1873506114000075-665,1,100-mm
393,S1873506114000075-665,1,50 μm
393,S1873506114000075-665,1,100 μm
393,S1873506114000075-665,1,100 μm
394,S2213158213000582-1309,1,500 ms
394,S2213158213000582-1309,1,500 ms
394,S2213158213000582-1309,1,103
394,S2213158213000582-1309,1,0.30
394,S2213158213000582-1309,1,0.77
395,S0032063313003218-6078,1,3 h
396,S0167610513001001-1618,1,180 m
396,S0167610513001001-1618,1,7.83 m s-1
397,S0927024813002961-1322,1,±3%
397,S0927024813002961-1322,1,+10% to −20%
398,S0167610513001001-858,1,60 min
399,S2213158213000582-1390,1,50 ms
399,S2213158213000582-1390,1,< 0.05
399,S2213158213000582-1390,1,50 ms
399,S2213158213000582-1390,1,50 ms
400,S0019103511004994-1607,1,50 km
400,S0019103511004994-1607,1,115°
400,S0019103511004994-1607,1,75°
401,S0257897213007573-959,1,0.22 nm
401,S0257897213007573-959,1,100 nm
401,S0257897213007573-959,1,1.46 nm
401,S0257897213007573-959,1,3 μm
401,S0257897213007573-959,1,54.68 nm
402,S0167880913001229-1323,1,0–10 cm
402,S0167880913001229-1323,1,20–40 cm
402,S0167880913001229-1323,1,0–10 cm
402,S0167880913001229-1323,1,0.07
402,S0167880913001229-1323,1,< 0.05
403,S1873506113001116-1456,1,100-ml
403,S1873506113001116-1456,1,~ 20 passages
403,S1873506113001116-1456,1,"47, XXY"
403,S1873506113001116-1456,1,p30 + 6 + 21
403,S1873506113001116-1456,1,5%
404,S0257897213007573-555,1,1000 °C
405,S2213671113000921-756,1,200 μm
406,S0168945213001805-4574,1,50%
407,S0019103512002801-2075,1,15–35 km
407,S0019103512002801-2075,1,20 and 100 keV
408,S0960148113005727-1451,1,12%
408,S0960148113005727-1451,1,2%
408,S0960148113005727-1451,1,12 and 17
409,S0019103512002801-1781,1,90 keV
409,S0019103512002801-1781,1,170°
409,S0019103512002801-1781,1,170°
409,S0019103512002801-1781,1,15 s
409,S0019103512002801-1781,1,170°
410,S0021979713004438-2004,1,38 MPa to 185 MPa
411,S0019103512003533-5300,1,80 mV m−1
411,S0019103512003533-5300,1,0.2 to 1.2 mW m−2
411,S0019103512003533-5300,1,100 mV m−1
411,S0019103512003533-5300,1,550 K to 850 K
411,S0019103512003533-5300,1,10 keV
411,S0019103512003533-5300,1,500 eV
412,S0378383911001669-1203,1,1.3 mm
412,S0378383911001669-1203,1,0.072 m
412,S0378383911001669-1203,1,0.772 m
412,S0378383911001669-1203,1,1.567 m
412,S0378383911001669-1203,1,8.4 mm
413,S0012821X12004384-990,1,39%
413,S0012821X12004384-990,1,17%
413,S0012821X12004384-990,1,31%
413,S0012821X12004384-990,1,11%
413,S0012821X12004384-990,1,22/10a
413,S0012821X12004384-990,1,4
413,S0012821X12004384-990,1,2619.60 m
413,S0012821X12004384-990,1,2614.71 m
414,S0927024813002961-1085,1,25 °C
414,S0927024813002961-1085,1,1000 W/m2
415,S0950705113001895-23682,1,5%
416,S1359645413009816-2227,1,14
416,S1359645413009816-2227,1,9mm
416,S1359645413009816-2227,1,9.3
416,S1359645413009816-2227,1,7.3 mm
417,S1359645413009816-1712,1,1.25 to 50 K min-1
418,S1750583613004192-1126,1,1 km
418,S1750583613004192-1126,1,200 km
418,S1750583613004192-1126,1,1 Mt/yr
418,S1750583613004192-1126,1,1996
418,S1750583613004192-1126,1,1 km
419,S0927024813003036-1981,1,99.95%
419,S0927024813003036-1981,1,798 °C
419,S0927024813003036-1981,1,<100 °C
419,S0927024813003036-1981,1,<10 s
420,S2213158213000582-1183,1,100 ms
420,S2213158213000582-1183,1,100 ms
420,S2213158213000582-1183,1,1 s
420,S2213158213000582-1183,1,142
420,S2213158213000582-1183,1,221
420,S2213158213000582-1183,1,100 ms
420,S2213158213000582-1183,1,79
420,S2213158213000582-1183,1,73
421,S0032063313003218-7389,1,3 h
422,S0167610513001001-1769,1,0.5°
422,S0167610513001001-1769,1,60 min
422,S0167610513001001-1769,1,0–0.5 m s−1
422,S0167610513001001-1769,1,20 m s−1
422,S0167610513001001-1769,1,0.36 m s−1
422,S0167610513001001-1769,1,1.05 m s−1
422,S0167610513001001-1769,1,0.86 m s−1
423,S0038071711004354-755,1,-14‰
423,S0038071711004354-755,1,2.5 h
423,S0038071711004354-755,1,−28.5 ± 0.33‰
423,S0038071711004354-755,1,60
424,S2213158213000582-1424,1,50 ms
424,S2213158213000582-1424,1,100 ms
424,S2213158213000582-1424,1,100 ms
425,S0032386113005454-1245,1,10 wt%
425,S0032386113005454-1245,1,20 wt%
425,S0032386113005454-1245,1,20 °C
426,S2213158213000582-766,1,100 ms
427,S0032063312003054-2458,1,43.0%
427,S0032063312003054-2458,1,70%
427,S0032063312003054-2458,1,29.8%
427,S0032063312003054-2458,1,9.8%
427,S0032063312003054-2458,1,3.4%
